run num,is warmup,timing
1,no,1.2662691999994422s
2,no,1.21812460000001s
3,no,1.2479830000011134s
4,no,1.1763685999994777s
