run num,is warmup,timing
1,no,2.467655200000081s
2,no,2.397402200000215s
